ID,Imie,Nazwisko,Wiek
1,Imie1,Nazwisko1,43
2,Imie2,Nazwisko2,23
3,Imie3,Nazwisko3,42
4,Imie4,Nazwisko4,16
5,Imie5,Nazwisko5,54
6,Imie6,Nazwisko6,74
7,Imie7,Nazwisko7,46
8,Imie8,Nazwisko8,17
9,Imie9,Nazwisko9,54
10,Imie10,Nazwisko10,79
11,Imie11,Nazwisko11,32
12,Imie12,Nazwisko12,12
13,Imie13,Nazwisko13,82
14,Imie14,Nazwisko14,54
15,Imie15,Nazwisko15,82
16,Imie16,Nazwisko16,90
17,Imie17,Nazwisko17,60
18,Imie18,Nazwisko18,64
19,Imie19,Nazwisko19,32
20,Imie20,Nazwisko20,45
21,Imie21,Nazwisko21,82
22,Imie22,Nazwisko22,45
23,Imie23,Nazwisko23,3
24,Imie24,Nazwisko24,86
25,Imie25,Nazwisko25,43
26,Imie26,Nazwisko26,6
27,Imie27,Nazwisko27,34
28,Imie28,Nazwisko28,9
29,Imie29,Nazwisko29,53
30,Imie30,Nazwisko30,32
31,Imie31,Nazwisko31,12
32,Imie32,Nazwisko32,63
33,Imie33,Nazwisko33,9
34,Imie34,Nazwisko34,45
35,Imie35,Nazwisko35,16
36,Imie36,Nazwisko36,46
37,Imie37,Nazwisko37,73
38,Imie38,Nazwisko38,3
39,Imie39,Nazwisko39,13
40,Imie40,Nazwisko40,62
41,Imie41,Nazwisko41,34
42,Imie42,Nazwisko42,67
43,Imie43,Nazwisko43,53
44,Imie44,Nazwisko44,1
45,Imie45,Nazwisko45,73
46,Imie46,Nazwisko46,92
47,Imie47,Nazwisko47,34
48,Imie48,Nazwisko48,7
49,Imie49,Nazwisko49,100
50,Imie50,Nazwisko50,42